{"val_loss": [1.5711691131591796], "val_acc": [0.4756], "loss": [1.6735339693450928], "acc": [0.4446]}